timeStamp,elapsed,label,responseCode,responseMessage,threadName,dataType,success,failureMessage,bytes,sentBytes,grpThreads,allThreads,URL,Latency,IdleTime,Connect
1549242438983,67,Project Get Request - HTTP Request,200,,ProjectManager - Rest Services - Load Testing 1-1,text,true,,710,140,1,1,http://localhost:8080/project/getAllProjects,35,0,0
1549242439177,11,Project Get Request - HTTP Request,200,,ProjectManager - Rest Services - Load Testing 1-1,text,true,,710,140,1,1,http://localhost:8080/project/getAllProjects,11,0,0
1549242439209,9,Project Get Request - HTTP Request,200,,ProjectManager - Rest Services - Load Testing 1-1,text,true,,710,140,1,1,http://localhost:8080/project/getAllProjects,9,0,0
1549242439240,10,Project Get Request - HTTP Request,200,,ProjectManager - Rest Services - Load Testing 1-1,text,true,,710,140,1,1,http://localhost:8080/project/getAllProjects,10,0,0
1549242439267,9,Project Get Request - HTTP Request,200,,ProjectManager - Rest Services - Load Testing 1-1,text,true,,710,140,1,1,http://localhost:8080/project/getAllProjects,9,0,0
1549242439296,14,Project Get Request - HTTP Request,200,,ProjectManager - Rest Services - Load Testing 1-1,text,true,,710,140,1,1,http://localhost:8080/project/getAllProjects,14,0,0
1549242439332,10,Project Get Request - HTTP Request,200,,ProjectManager - Rest Services - Load Testing 1-1,text,true,,710,140,1,1,http://localhost:8080/project/getAllProjects,10,0,0
1549242439369,10,Project Get Request - HTTP Request,200,,ProjectManager - Rest Services - Load Testing 1-1,text,true,,710,140,1,1,http://localhost:8080/project/getAllProjects,9,0,0
1549242439396,8,Project Get Request - HTTP Request,200,,ProjectManager - Rest Services - Load Testing 1-1,text,true,,710,140,1,1,http://localhost:8080/project/getAllProjects,8,0,0
1549242439423,8,Project Get Request - HTTP Request,200,,ProjectManager - Rest Services - Load Testing 1-1,text,true,,710,140,1,1,http://localhost:8080/project/getAllProjects,8,0,0
1549242439452,7,Project Get Request - HTTP Request,200,,ProjectManager - Rest Services - Load Testing 1-1,text,true,,710,140,1,1,http://localhost:8080/project/getAllProjects,7,0,0
1549242439475,7,Project Get Request - HTTP Request,200,,ProjectManager - Rest Services - Load Testing 1-1,text,true,,710,140,2,2,http://localhost:8080/project/getAllProjects,7,0,0
1549242439479,9,Project Get Request - HTTP Request,200,,ProjectManager - Rest Services - Load Testing 1-2,text,true,,710,140,2,2,http://localhost:8080/project/getAllProjects,9,0,0
1549242439505,8,Project Get Request - HTTP Request,200,,ProjectManager - Rest Services - Load Testing 1-1,text,true,,710,140,2,2,http://localhost:8080/project/getAllProjects,8,0,0
1549242439510,7,Project Get Request - HTTP Request,200,,ProjectManager - Rest Services - Load Testing 1-2,text,true,,710,140,2,2,http://localhost:8080/project/getAllProjects,7,0,0
1549242439529,7,Project Get Request - HTTP Request,200,,ProjectManager - Rest Services - Load Testing 1-1,text,true,,710,140,2,2,http://localhost:8080/project/getAllProjects,7,0,0
1549242439532,8,Project Get Request - HTTP Request,200,,ProjectManager - Rest Services - Load Testing 1-2,text,true,,710,140,2,2,http://localhost:8080/project/getAllProjects,8,0,0
1549242439556,9,Project Get Request - HTTP Request,200,,ProjectManager - Rest Services - Load Testing 1-1,text,true,,710,140,2,2,http://localhost:8080/project/getAllProjects,9,0,0
1549242439560,10,Project Get Request - HTTP Request,200,,ProjectManager - Rest Services - Load Testing 1-2,text,true,,710,140,2,2,http://localhost:8080/project/getAllProjects,10,0,0
1549242439590,14,Project Get Request - HTTP Request,200,,ProjectManager - Rest Services - Load Testing 1-1,text,true,,710,140,2,2,http://localhost:8080/project/getAllProjects,13,0,0
1549242439593,39,Project Get Request - HTTP Request,200,,ProjectManager - Rest Services - Load Testing 1-2,text,true,,710,140,2,2,http://localhost:8080/project/getAllProjects,39,0,0
1549242439660,12,Project Get Request - HTTP Request,200,,ProjectManager - Rest Services - Load Testing 1-1,text,true,,710,140,2,2,http://localhost:8080/project/getAllProjects,11,0,0
1549242439664,12,Project Get Request - HTTP Request,200,,ProjectManager - Rest Services - Load Testing 1-2,text,true,,710,140,2,2,http://localhost:8080/project/getAllProjects,12,0,0
1549242439714,14,Project Get Request - HTTP Request,200,,ProjectManager - Rest Services - Load Testing 1-2,text,true,,710,140,2,2,http://localhost:8080/project/getAllProjects,14,0,0
1549242439713,23,Project Get Request - HTTP Request,200,,ProjectManager - Rest Services - Load Testing 1-1,text,true,,710,140,2,2,http://localhost:8080/project/getAllProjects,22,0,0
1549242439768,10,Project Get Request - HTTP Request,200,,ProjectManager - Rest Services - Load Testing 1-2,text,true,,710,140,2,2,http://localhost:8080/project/getAllProjects,9,0,0
1549242439769,16,Project Get Request - HTTP Request,200,,ProjectManager - Rest Services - Load Testing 1-1,text,true,,710,140,2,2,http://localhost:8080/project/getAllProjects,16,0,0
1549242439802,11,Project Get Request - HTTP Request,200,,ProjectManager - Rest Services - Load Testing 1-2,text,true,,710,140,2,2,http://localhost:8080/project/getAllProjects,10,0,0
1549242439806,12,Project Get Request - HTTP Request,200,,ProjectManager - Rest Services - Load Testing 1-1,text,true,,710,140,2,2,http://localhost:8080/project/getAllProjects,11,0,0
1549242439837,24,Project Get Request - HTTP Request,200,,ProjectManager - Rest Services - Load Testing 1-2,text,true,,710,140,1,1,http://localhost:8080/project/getAllProjects,24,0,0
1549242439885,10,Project Get Request - HTTP Request,200,,ProjectManager - Rest Services - Load Testing 1-2,text,true,,710,140,1,1,http://localhost:8080/project/getAllProjects,10,0,0
1549242439917,9,Project Get Request - HTTP Request,200,,ProjectManager - Rest Services - Load Testing 1-2,text,true,,710,140,1,1,http://localhost:8080/project/getAllProjects,9,0,0
1549242439949,17,Project Get Request - HTTP Request,200,,ProjectManager - Rest Services - Load Testing 1-2,text,true,,710,140,2,2,http://localhost:8080/project/getAllProjects,17,0,0
1549242439990,11,Project Get Request - HTTP Request,200,,ProjectManager - Rest Services - Load Testing 1-3,text,true,,710,140,2,2,http://localhost:8080/project/getAllProjects,10,0,0
1549242439994,12,Project Get Request - HTTP Request,200,,ProjectManager - Rest Services - Load Testing 1-2,text,true,,710,140,2,2,http://localhost:8080/project/getAllProjects,11,0,0
1549242440027,11,Project Get Request - HTTP Request,200,,ProjectManager - Rest Services - Load Testing 1-3,text,true,,710,140,2,2,http://localhost:8080/project/getAllProjects,11,0,0
1549242440027,13,Project Get Request - HTTP Request,200,,ProjectManager - Rest Services - Load Testing 1-2,text,true,,710,140,2,2,http://localhost:8080/project/getAllProjects,13,0,0
1549242440061,9,Project Get Request - HTTP Request,200,,ProjectManager - Rest Services - Load Testing 1-3,text,true,,710,140,2,2,http://localhost:8080/project/getAllProjects,9,0,0
1549242440064,9,Project Get Request - HTTP Request,200,,ProjectManager - Rest Services - Load Testing 1-2,text,true,,710,140,2,2,http://localhost:8080/project/getAllProjects,9,0,0
1549242440097,9,Project Get Request - HTTP Request,200,,ProjectManager - Rest Services - Load Testing 1-3,text,true,,710,140,2,2,http://localhost:8080/project/getAllProjects,9,0,0
1549242440098,10,Project Get Request - HTTP Request,200,,ProjectManager - Rest Services - Load Testing 1-2,text,true,,710,140,2,2,http://localhost:8080/project/getAllProjects,10,0,0
1549242440132,16,Project Get Request - HTTP Request,200,,ProjectManager - Rest Services - Load Testing 1-3,text,true,,710,140,2,2,http://localhost:8080/project/getAllProjects,16,0,0
1549242440139,13,Project Get Request - HTTP Request,200,,ProjectManager - Rest Services - Load Testing 1-2,text,true,,710,140,2,2,http://localhost:8080/project/getAllProjects,13,0,0
1549242440171,10,Project Get Request - HTTP Request,200,,ProjectManager - Rest Services - Load Testing 1-3,text,true,,710,140,2,2,http://localhost:8080/project/getAllProjects,9,0,0
1549242440175,9,Project Get Request - HTTP Request,200,,ProjectManager - Rest Services - Load Testing 1-2,text,true,,710,140,2,2,http://localhost:8080/project/getAllProjects,9,0,0
1549242440203,16,Project Get Request - HTTP Request,200,,ProjectManager - Rest Services - Load Testing 1-3,text,true,,710,140,2,2,http://localhost:8080/project/getAllProjects,15,0,0
1549242440210,21,Project Get Request - HTTP Request,200,,ProjectManager - Rest Services - Load Testing 1-2,text,true,,710,140,2,2,http://localhost:8080/project/getAllProjects,20,0,0
1549242440246,24,Project Get Request - HTTP Request,200,,ProjectManager - Rest Services - Load Testing 1-3,text,true,,710,140,1,1,http://localhost:8080/project/getAllProjects,24,0,0
1549242440293,12,Project Get Request - HTTP Request,200,,ProjectManager - Rest Services - Load Testing 1-3,text,true,,710,140,1,1,http://localhost:8080/project/getAllProjects,12,0,0
1549242440326,11,Project Get Request - HTTP Request,200,,ProjectManager - Rest Services - Load Testing 1-3,text,true,,710,140,1,1,http://localhost:8080/project/getAllProjects,11,0,0
1549242440362,11,Project Get Request - HTTP Request,200,,ProjectManager - Rest Services - Load Testing 1-3,text,true,,710,140,1,1,http://localhost:8080/project/getAllProjects,10,0,0
1549242440425,32,Project Get Request - HTTP Request,200,,ProjectManager - Rest Services - Load Testing 1-3,text,true,,710,140,1,1,http://localhost:8080/project/getAllProjects,31,0,0
1549242440556,10,Project Get Request - HTTP Request,200,,ProjectManager - Rest Services - Load Testing 1-3,text,true,,710,140,2,2,http://localhost:8080/project/getAllProjects,10,0,0
1549242440578,9,Project Get Request - HTTP Request,200,,ProjectManager - Rest Services - Load Testing 1-4,text,true,,710,140,2,2,http://localhost:8080/project/getAllProjects,9,0,0
1549242440587,11,Project Get Request - HTTP Request,200,,ProjectManager - Rest Services - Load Testing 1-3,text,true,,710,140,2,2,http://localhost:8080/project/getAllProjects,11,0,0
1549242440609,10,Project Get Request - HTTP Request,200,,ProjectManager - Rest Services - Load Testing 1-4,text,true,,710,140,2,2,http://localhost:8080/project/getAllProjects,9,0,0
1549242440624,13,Project Get Request - HTTP Request,200,,ProjectManager - Rest Services - Load Testing 1-3,text,true,,710,140,2,2,http://localhost:8080/project/getAllProjects,12,0,0
1549242440653,10,Project Get Request - HTTP Request,200,,ProjectManager - Rest Services - Load Testing 1-4,text,true,,710,140,2,2,http://localhost:8080/project/getAllProjects,10,0,0
1549242440666,9,Project Get Request - HTTP Request,200,,ProjectManager - Rest Services - Load Testing 1-3,text,true,,710,140,2,2,http://localhost:8080/project/getAllProjects,9,0,0
1549242440686,13,Project Get Request - HTTP Request,200,,ProjectManager - Rest Services - Load Testing 1-4,text,true,,710,140,2,2,http://localhost:8080/project/getAllProjects,12,0,0
1549242440712,16,Project Get Request - HTTP Request,200,,ProjectManager - Rest Services - Load Testing 1-3,text,true,,710,140,2,2,http://localhost:8080/project/getAllProjects,16,0,0
1549242440732,10,Project Get Request - HTTP Request,200,,ProjectManager - Rest Services - Load Testing 1-4,text,true,,710,140,2,2,http://localhost:8080/project/getAllProjects,9,0,0
1549242440751,8,Project Get Request - HTTP Request,200,,ProjectManager - Rest Services - Load Testing 1-3,text,true,,710,140,2,2,http://localhost:8080/project/getAllProjects,8,0,0
1549242440765,11,Project Get Request - HTTP Request,200,,ProjectManager - Rest Services - Load Testing 1-4,text,true,,710,140,2,2,http://localhost:8080/project/getAllProjects,11,0,0
1549242440787,14,Project Get Request - HTTP Request,200,,ProjectManager - Rest Services - Load Testing 1-3,text,true,,710,140,2,2,http://localhost:8080/project/getAllProjects,14,0,0
1549242440811,24,Project Get Request - HTTP Request,200,,ProjectManager - Rest Services - Load Testing 1-4,text,true,,710,140,2,2,http://localhost:8080/project/getAllProjects,23,0,0
1549242440835,14,Project Get Request - HTTP Request,200,,ProjectManager - Rest Services - Load Testing 1-3,text,true,,710,140,2,2,http://localhost:8080/project/getAllProjects,14,0,0
1549242440864,14,Project Get Request - HTTP Request,200,,ProjectManager - Rest Services - Load Testing 1-4,text,true,,710,140,1,1,http://localhost:8080/project/getAllProjects,14,0,0
1549242440905,11,Project Get Request - HTTP Request,200,,ProjectManager - Rest Services - Load Testing 1-4,text,true,,710,140,1,1,http://localhost:8080/project/getAllProjects,11,0,0
1549242440941,11,Project Get Request - HTTP Request,200,,ProjectManager - Rest Services - Load Testing 1-4,text,true,,710,140,1,1,http://localhost:8080/project/getAllProjects,11,0,0
1549242440974,9,Project Get Request - HTTP Request,200,,ProjectManager - Rest Services - Load Testing 1-4,text,true,,710,140,1,1,http://localhost:8080/project/getAllProjects,9,0,0
1549242441004,11,Project Get Request - HTTP Request,200,,ProjectManager - Rest Services - Load Testing 1-4,text,true,,710,140,1,1,http://localhost:8080/project/getAllProjects,10,0,0
1549242441036,23,Project Get Request - HTTP Request,200,,ProjectManager - Rest Services - Load Testing 1-4,text,true,,710,140,1,1,http://localhost:8080/project/getAllProjects,23,0,0
1549242441086,11,Project Get Request - HTTP Request,200,,ProjectManager - Rest Services - Load Testing 1-4,text,true,,710,140,1,1,http://localhost:8080/project/getAllProjects,10,0,0
1549242441129,14,Project Get Request - HTTP Request,200,,ProjectManager - Rest Services - Load Testing 1-4,text,true,,710,140,1,1,http://localhost:8080/project/getAllProjects,14,0,0
1549242441187,9,Project Get Request - HTTP Request,200,,ProjectManager - Rest Services - Load Testing 1-4,text,true,,710,140,1,1,http://localhost:8080/project/getAllProjects,8,0,0
1549242441252,23,Project Get Request - HTTP Request,200,,ProjectManager - Rest Services - Load Testing 1-4,text,true,,710,140,1,1,http://localhost:8080/project/getAllProjects,23,0,0
1549242441312,14,Project Get Request - HTTP Request,200,,ProjectManager - Rest Services - Load Testing 1-4,text,true,,710,140,1,1,http://localhost:8080/project/getAllProjects,13,0,0
1549242441393,12,Project Get Request - HTTP Request,200,,ProjectManager - Rest Services - Load Testing 1-4,text,true,,710,140,1,1,http://localhost:8080/project/getAllProjects,12,0,0
1549242441451,27,Project Get Request - HTTP Request,200,,ProjectManager - Rest Services - Load Testing 1-4,text,true,,710,140,1,1,http://localhost:8080/project/getAllProjects,27,0,0
