timeStamp,elapsed,label,responseCode,responseMessage,threadName,dataType,success,failureMessage,bytes,sentBytes,grpThreads,allThreads,URL,Latency,IdleTime,Connect
1549242089089,80,Task Get Request - HTTP Request,200,,ProjectManager - Rest Services - Load Testing 1-1,text,true,,2369,134,1,1,http://localhost:8080/task/getAllTasks,79,0,0
1549242089178,26,Task Get Request - HTTP Request,200,,ProjectManager - Rest Services - Load Testing 1-1,text,true,,2369,134,1,1,http://localhost:8080/task/getAllTasks,26,0,0
1549242089210,26,Task Get Request - HTTP Request,200,,ProjectManager - Rest Services - Load Testing 1-1,text,true,,2369,134,1,1,http://localhost:8080/task/getAllTasks,26,0,0
1549242089243,42,Task Get Request - HTTP Request,200,,ProjectManager - Rest Services - Load Testing 1-1,text,true,,2369,134,1,1,http://localhost:8080/task/getAllTasks,41,0,0
1549242089295,28,Task Get Request - HTTP Request,200,,ProjectManager - Rest Services - Load Testing 1-1,text,true,,2369,134,1,1,http://localhost:8080/task/getAllTasks,27,0,0
1549242089334,22,Task Get Request - HTTP Request,200,,ProjectManager - Rest Services - Load Testing 1-1,text,true,,2369,134,1,1,http://localhost:8080/task/getAllTasks,21,0,0
1549242089363,18,Task Get Request - HTTP Request,200,,ProjectManager - Rest Services - Load Testing 1-1,text,true,,2369,134,1,1,http://localhost:8080/task/getAllTasks,17,0,0
1549242089386,25,Task Get Request - HTTP Request,200,,ProjectManager - Rest Services - Load Testing 1-1,text,true,,2369,134,1,1,http://localhost:8080/task/getAllTasks,25,0,0
1549242089418,20,Task Get Request - HTTP Request,200,,ProjectManager - Rest Services - Load Testing 1-1,text,true,,2369,134,1,1,http://localhost:8080/task/getAllTasks,20,0,0
1549242089445,19,Task Get Request - HTTP Request,200,,ProjectManager - Rest Services - Load Testing 1-1,text,true,,2369,134,1,1,http://localhost:8080/task/getAllTasks,19,0,0
1549242089469,16,Task Get Request - HTTP Request,200,,ProjectManager - Rest Services - Load Testing 1-1,text,true,,2369,134,1,1,http://localhost:8080/task/getAllTasks,15,0,0
1549242089489,12,Task Get Request - HTTP Request,200,,ProjectManager - Rest Services - Load Testing 1-1,text,true,,2369,134,1,1,http://localhost:8080/task/getAllTasks,12,0,0
1549242089506,16,Task Get Request - HTTP Request,200,,ProjectManager - Rest Services - Load Testing 1-1,text,true,,2369,134,1,1,http://localhost:8080/task/getAllTasks,16,0,0
1549242089527,16,Task Get Request - HTTP Request,200,,ProjectManager - Rest Services - Load Testing 1-1,text,true,,2369,134,1,1,http://localhost:8080/task/getAllTasks,15,0,0
1549242089552,23,Task Get Request - HTTP Request,200,,ProjectManager - Rest Services - Load Testing 1-1,text,true,,2369,134,1,1,http://localhost:8080/task/getAllTasks,23,0,0
1549242089599,23,Task Get Request - HTTP Request,200,,ProjectManager - Rest Services - Load Testing 1-2,text,true,,2369,134,2,2,http://localhost:8080/task/getAllTasks,23,0,0
1549242089592,32,Task Get Request - HTTP Request,200,,ProjectManager - Rest Services - Load Testing 1-1,text,true,,2369,134,2,2,http://localhost:8080/task/getAllTasks,32,0,0
1549242089637,20,Task Get Request - HTTP Request,200,,ProjectManager - Rest Services - Load Testing 1-1,text,true,,2369,134,2,2,http://localhost:8080/task/getAllTasks,20,0,0
1549242089633,25,Task Get Request - HTTP Request,200,,ProjectManager - Rest Services - Load Testing 1-2,text,true,,2369,134,2,2,http://localhost:8080/task/getAllTasks,25,0,0
1549242089666,17,Task Get Request - HTTP Request,200,,ProjectManager - Rest Services - Load Testing 1-2,text,true,,2369,134,2,2,http://localhost:8080/task/getAllTasks,17,0,0
1549242089666,17,Task Get Request - HTTP Request,200,,ProjectManager - Rest Services - Load Testing 1-1,text,true,,2369,134,2,2,http://localhost:8080/task/getAllTasks,17,0,0
1549242089689,24,Task Get Request - HTTP Request,200,,ProjectManager - Rest Services - Load Testing 1-2,text,true,,2369,134,2,2,http://localhost:8080/task/getAllTasks,23,0,0
1549242089689,29,Task Get Request - HTTP Request,200,,ProjectManager - Rest Services - Load Testing 1-1,text,true,,2369,134,2,2,http://localhost:8080/task/getAllTasks,28,0,0
1549242089723,18,Task Get Request - HTTP Request,200,,ProjectManager - Rest Services - Load Testing 1-2,text,true,,2369,134,2,2,http://localhost:8080/task/getAllTasks,18,0,0
1549242089725,22,Task Get Request - HTTP Request,200,,ProjectManager - Rest Services - Load Testing 1-1,text,true,,2369,134,2,2,http://localhost:8080/task/getAllTasks,22,0,0
1549242089748,19,Task Get Request - HTTP Request,200,,ProjectManager - Rest Services - Load Testing 1-2,text,true,,2369,134,1,1,http://localhost:8080/task/getAllTasks,19,0,0
1549242089773,15,Task Get Request - HTTP Request,200,,ProjectManager - Rest Services - Load Testing 1-2,text,true,,2369,134,1,1,http://localhost:8080/task/getAllTasks,14,0,0
1549242089796,17,Task Get Request - HTTP Request,200,,ProjectManager - Rest Services - Load Testing 1-2,text,true,,2369,134,1,1,http://localhost:8080/task/getAllTasks,17,0,0
1549242089821,14,Task Get Request - HTTP Request,200,,ProjectManager - Rest Services - Load Testing 1-2,text,true,,2369,134,1,1,http://localhost:8080/task/getAllTasks,14,0,0
1549242089840,15,Task Get Request - HTTP Request,200,,ProjectManager - Rest Services - Load Testing 1-2,text,true,,2369,134,1,1,http://localhost:8080/task/getAllTasks,15,0,0
1549242089860,11,Task Get Request - HTTP Request,200,,ProjectManager - Rest Services - Load Testing 1-2,text,true,,2369,134,1,1,http://localhost:8080/task/getAllTasks,11,0,0
1549242089876,13,Task Get Request - HTTP Request,200,,ProjectManager - Rest Services - Load Testing 1-2,text,true,,2369,134,1,1,http://localhost:8080/task/getAllTasks,12,0,0
1549242089895,14,Task Get Request - HTTP Request,200,,ProjectManager - Rest Services - Load Testing 1-2,text,true,,2369,134,1,1,http://localhost:8080/task/getAllTasks,13,0,0
1549242089913,18,Task Get Request - HTTP Request,200,,ProjectManager - Rest Services - Load Testing 1-2,text,true,,2369,134,1,1,http://localhost:8080/task/getAllTasks,18,0,0
1549242089937,13,Task Get Request - HTTP Request,200,,ProjectManager - Rest Services - Load Testing 1-2,text,true,,2369,134,1,1,http://localhost:8080/task/getAllTasks,12,0,0
1549242089953,10,Task Get Request - HTTP Request,200,,ProjectManager - Rest Services - Load Testing 1-2,text,true,,2369,134,1,1,http://localhost:8080/task/getAllTasks,10,0,0
1549242089967,8,Task Get Request - HTTP Request,200,,ProjectManager - Rest Services - Load Testing 1-2,text,true,,2369,134,1,1,http://localhost:8080/task/getAllTasks,8,0,0
1549242089979,8,Task Get Request - HTTP Request,200,,ProjectManager - Rest Services - Load Testing 1-2,text,true,,2369,134,1,1,http://localhost:8080/task/getAllTasks,8,0,0
1549242089991,14,Task Get Request - HTTP Request,200,,ProjectManager - Rest Services - Load Testing 1-2,text,true,,2369,134,1,1,http://localhost:8080/task/getAllTasks,13,0,0
1549242090012,24,Task Get Request - HTTP Request,200,,ProjectManager - Rest Services - Load Testing 1-2,text,true,,2369,134,1,1,http://localhost:8080/task/getAllTasks,23,0,0
1549242090093,20,Task Get Request - HTTP Request,200,,ProjectManager - Rest Services - Load Testing 1-3,text,true,,2369,134,1,1,http://localhost:8080/task/getAllTasks,19,0,0
1549242090122,17,Task Get Request - HTTP Request,200,,ProjectManager - Rest Services - Load Testing 1-3,text,true,,2369,134,1,1,http://localhost:8080/task/getAllTasks,17,0,0
1549242090146,18,Task Get Request - HTTP Request,200,,ProjectManager - Rest Services - Load Testing 1-3,text,true,,2369,134,1,1,http://localhost:8080/task/getAllTasks,17,0,0
1549242090171,16,Task Get Request - HTTP Request,200,,ProjectManager - Rest Services - Load Testing 1-3,text,true,,2369,134,1,1,http://localhost:8080/task/getAllTasks,15,0,0
1549242090194,18,Task Get Request - HTTP Request,200,,ProjectManager - Rest Services - Load Testing 1-3,text,true,,2369,134,1,1,http://localhost:8080/task/getAllTasks,18,0,0
1549242090220,19,Task Get Request - HTTP Request,200,,ProjectManager - Rest Services - Load Testing 1-3,text,true,,2369,134,1,1,http://localhost:8080/task/getAllTasks,18,0,0
1549242090246,17,Task Get Request - HTTP Request,200,,ProjectManager - Rest Services - Load Testing 1-3,text,true,,2369,134,1,1,http://localhost:8080/task/getAllTasks,17,0,0
1549242090270,16,Task Get Request - HTTP Request,200,,ProjectManager - Rest Services - Load Testing 1-3,text,true,,2369,134,1,1,http://localhost:8080/task/getAllTasks,16,0,0
1549242090293,18,Task Get Request - HTTP Request,200,,ProjectManager - Rest Services - Load Testing 1-3,text,true,,2369,134,1,1,http://localhost:8080/task/getAllTasks,18,0,0
1549242090320,21,Task Get Request - HTTP Request,200,,ProjectManager - Rest Services - Load Testing 1-3,text,true,,2369,134,1,1,http://localhost:8080/task/getAllTasks,20,0,0
1549242090349,15,Task Get Request - HTTP Request,200,,ProjectManager - Rest Services - Load Testing 1-3,text,true,,2369,134,1,1,http://localhost:8080/task/getAllTasks,15,0,0
1549242090370,15,Task Get Request - HTTP Request,200,,ProjectManager - Rest Services - Load Testing 1-3,text,true,,2369,134,1,1,http://localhost:8080/task/getAllTasks,15,0,0
1549242090392,17,Task Get Request - HTTP Request,200,,ProjectManager - Rest Services - Load Testing 1-3,text,true,,2369,134,1,1,http://localhost:8080/task/getAllTasks,17,0,0
1549242090416,16,Task Get Request - HTTP Request,200,,ProjectManager - Rest Services - Load Testing 1-3,text,true,,2369,134,1,1,http://localhost:8080/task/getAllTasks,16,0,0
1549242090439,12,Task Get Request - HTTP Request,200,,ProjectManager - Rest Services - Load Testing 1-3,text,true,,2369,134,1,1,http://localhost:8080/task/getAllTasks,12,0,0
1549242090455,12,Task Get Request - HTTP Request,200,,ProjectManager - Rest Services - Load Testing 1-3,text,true,,2369,134,1,1,http://localhost:8080/task/getAllTasks,12,0,0
1549242090474,12,Task Get Request - HTTP Request,200,,ProjectManager - Rest Services - Load Testing 1-3,text,true,,2369,134,1,1,http://localhost:8080/task/getAllTasks,11,0,0
1549242090492,11,Task Get Request - HTTP Request,200,,ProjectManager - Rest Services - Load Testing 1-3,text,true,,2369,134,1,1,http://localhost:8080/task/getAllTasks,10,0,0
1549242090507,8,Task Get Request - HTTP Request,200,,ProjectManager - Rest Services - Load Testing 1-3,text,true,,2369,134,1,1,http://localhost:8080/task/getAllTasks,8,0,0
1549242090520,14,Task Get Request - HTTP Request,200,,ProjectManager - Rest Services - Load Testing 1-3,text,true,,2369,134,1,1,http://localhost:8080/task/getAllTasks,14,0,0
1549242090591,15,Task Get Request - HTTP Request,200,,ProjectManager - Rest Services - Load Testing 1-4,text,true,,2369,134,1,1,http://localhost:8080/task/getAllTasks,14,0,0
1549242090613,15,Task Get Request - HTTP Request,200,,ProjectManager - Rest Services - Load Testing 1-4,text,true,,2369,134,1,1,http://localhost:8080/task/getAllTasks,14,0,0
1549242090635,16,Task Get Request - HTTP Request,200,,ProjectManager - Rest Services - Load Testing 1-4,text,true,,2369,134,1,1,http://localhost:8080/task/getAllTasks,16,0,0
1549242090659,17,Task Get Request - HTTP Request,200,,ProjectManager - Rest Services - Load Testing 1-4,text,true,,2369,134,1,1,http://localhost:8080/task/getAllTasks,17,0,0
1549242090684,18,Task Get Request - HTTP Request,200,,ProjectManager - Rest Services - Load Testing 1-4,text,true,,2369,134,1,1,http://localhost:8080/task/getAllTasks,17,0,0
1549242090709,15,Task Get Request - HTTP Request,200,,ProjectManager - Rest Services - Load Testing 1-4,text,true,,2369,134,1,1,http://localhost:8080/task/getAllTasks,15,0,0
1549242090731,17,Task Get Request - HTTP Request,200,,ProjectManager - Rest Services - Load Testing 1-4,text,true,,2369,134,1,1,http://localhost:8080/task/getAllTasks,16,0,0
1549242090756,16,Task Get Request - HTTP Request,200,,ProjectManager - Rest Services - Load Testing 1-4,text,true,,2369,134,1,1,http://localhost:8080/task/getAllTasks,15,0,0
1549242090781,16,Task Get Request - HTTP Request,200,,ProjectManager - Rest Services - Load Testing 1-4,text,true,,2369,134,1,1,http://localhost:8080/task/getAllTasks,15,0,0
1549242090804,16,Task Get Request - HTTP Request,200,,ProjectManager - Rest Services - Load Testing 1-4,text,true,,2369,134,1,1,http://localhost:8080/task/getAllTasks,15,0,0
1549242090826,8,Task Get Request - HTTP Request,200,,ProjectManager - Rest Services - Load Testing 1-4,text,true,,2369,134,1,1,http://localhost:8080/task/getAllTasks,8,0,0
1549242090840,10,Task Get Request - HTTP Request,200,,ProjectManager - Rest Services - Load Testing 1-4,text,true,,2369,134,1,1,http://localhost:8080/task/getAllTasks,10,0,0
1549242090856,13,Task Get Request - HTTP Request,200,,ProjectManager - Rest Services - Load Testing 1-4,text,true,,2369,134,1,1,http://localhost:8080/task/getAllTasks,13,0,0
1549242090875,13,Task Get Request - HTTP Request,200,,ProjectManager - Rest Services - Load Testing 1-4,text,true,,2369,134,1,1,http://localhost:8080/task/getAllTasks,13,0,0
1549242090893,9,Task Get Request - HTTP Request,200,,ProjectManager - Rest Services - Load Testing 1-4,text,true,,2369,134,1,1,http://localhost:8080/task/getAllTasks,9,0,0
1549242090906,8,Task Get Request - HTTP Request,200,,ProjectManager - Rest Services - Load Testing 1-4,text,true,,2369,134,1,1,http://localhost:8080/task/getAllTasks,8,0,0
1549242090918,9,Task Get Request - HTTP Request,200,,ProjectManager - Rest Services - Load Testing 1-4,text,true,,2369,134,1,1,http://localhost:8080/task/getAllTasks,9,0,0
1549242090931,10,Task Get Request - HTTP Request,200,,ProjectManager - Rest Services - Load Testing 1-4,text,true,,2369,134,1,1,http://localhost:8080/task/getAllTasks,10,0,0
1549242090945,9,Task Get Request - HTTP Request,200,,ProjectManager - Rest Services - Load Testing 1-4,text,true,,2369,134,1,1,http://localhost:8080/task/getAllTasks,8,0,0
1549242090958,14,Task Get Request - HTTP Request,200,,ProjectManager - Rest Services - Load Testing 1-4,text,true,,2369,134,1,1,http://localhost:8080/task/getAllTasks,14,0,0
1549242252880,10,Task Get Request - HTTP Request,200,,ProjectManager - Rest Services - Load Testing 1-1,text,true,,2369,134,1,1,http://localhost:8080/task/getAllTasks,9,0,0
1549242252901,10,Task Get Request - HTTP Request,200,,ProjectManager - Rest Services - Load Testing 1-1,text,true,,2369,134,1,1,http://localhost:8080/task/getAllTasks,9,0,0
1549242252918,7,Task Get Request - HTTP Request,200,,ProjectManager - Rest Services - Load Testing 1-1,text,true,,2369,134,1,1,http://localhost:8080/task/getAllTasks,7,0,0
1549242252932,6,Task Get Request - HTTP Request,200,,ProjectManager - Rest Services - Load Testing 1-1,text,true,,2369,134,1,1,http://localhost:8080/task/getAllTasks,6,0,0
1549242252944,7,Task Get Request - HTTP Request,200,,ProjectManager - Rest Services - Load Testing 1-1,text,true,,2369,134,1,1,http://localhost:8080/task/getAllTasks,7,0,0
1549242252957,9,Task Get Request - HTTP Request,200,,ProjectManager - Rest Services - Load Testing 1-1,text,true,,2369,134,1,1,http://localhost:8080/task/getAllTasks,8,0,0
1549242252972,6,Task Get Request - HTTP Request,200,,ProjectManager - Rest Services - Load Testing 1-1,text,true,,2369,134,1,1,http://localhost:8080/task/getAllTasks,6,0,0
1549242252986,10,Task Get Request - HTTP Request,200,,ProjectManager - Rest Services - Load Testing 1-1,text,true,,2369,134,1,1,http://localhost:8080/task/getAllTasks,10,0,0
1549242253003,8,Task Get Request - HTTP Request,200,,ProjectManager - Rest Services - Load Testing 1-1,text,true,,2369,134,1,1,http://localhost:8080/task/getAllTasks,8,0,0
1549242253019,7,Task Get Request - HTTP Request,200,,ProjectManager - Rest Services - Load Testing 1-1,text,true,,2369,134,1,1,http://localhost:8080/task/getAllTasks,7,0,0
1549242253035,11,Task Get Request - HTTP Request,200,,ProjectManager - Rest Services - Load Testing 1-1,text,true,,2369,134,1,1,http://localhost:8080/task/getAllTasks,10,0,0
1549242253079,17,Task Get Request - HTTP Request,200,,ProjectManager - Rest Services - Load Testing 1-1,text,true,,2369,134,1,1,http://localhost:8080/task/getAllTasks,17,0,0
1549242253109,18,Task Get Request - HTTP Request,200,,ProjectManager - Rest Services - Load Testing 1-1,text,true,,2369,134,1,1,http://localhost:8080/task/getAllTasks,18,0,0
1549242253139,10,Task Get Request - HTTP Request,200,,ProjectManager - Rest Services - Load Testing 1-1,text,true,,2369,134,1,1,http://localhost:8080/task/getAllTasks,10,0,0
1549242253158,11,Task Get Request - HTTP Request,200,,ProjectManager - Rest Services - Load Testing 1-1,text,true,,2369,134,1,1,http://localhost:8080/task/getAllTasks,11,0,0
1549242253176,8,Task Get Request - HTTP Request,200,,ProjectManager - Rest Services - Load Testing 1-1,text,true,,2369,134,1,1,http://localhost:8080/task/getAllTasks,8,0,0
1549242253191,9,Task Get Request - HTTP Request,200,,ProjectManager - Rest Services - Load Testing 1-1,text,true,,2369,134,1,1,http://localhost:8080/task/getAllTasks,8,0,0
1549242253208,8,Task Get Request - HTTP Request,200,,ProjectManager - Rest Services - Load Testing 1-1,text,true,,2369,134,1,1,http://localhost:8080/task/getAllTasks,7,0,0
1549242253223,7,Task Get Request - HTTP Request,200,,ProjectManager - Rest Services - Load Testing 1-1,text,true,,2369,134,1,1,http://localhost:8080/task/getAllTasks,7,0,0
1549242253237,8,Task Get Request - HTTP Request,200,,ProjectManager - Rest Services - Load Testing 1-1,text,true,,2369,134,1,1,http://localhost:8080/task/getAllTasks,8,0,0
1549242253403,22,Task Get Request - HTTP Request,200,,ProjectManager - Rest Services - Load Testing 1-2,text,true,,2369,134,1,1,http://localhost:8080/task/getAllTasks,21,0,0
1549242253438,13,Task Get Request - HTTP Request,200,,ProjectManager - Rest Services - Load Testing 1-2,text,true,,2369,134,1,1,http://localhost:8080/task/getAllTasks,13,0,0
1549242253461,9,Task Get Request - HTTP Request,200,,ProjectManager - Rest Services - Load Testing 1-2,text,true,,2369,134,1,1,http://localhost:8080/task/getAllTasks,8,0,0
1549242253477,6,Task Get Request - HTTP Request,200,,ProjectManager - Rest Services - Load Testing 1-2,text,true,,2369,134,1,1,http://localhost:8080/task/getAllTasks,6,0,0
1549242253489,6,Task Get Request - HTTP Request,200,,ProjectManager - Rest Services - Load Testing 1-2,text,true,,2369,134,1,1,http://localhost:8080/task/getAllTasks,6,0,0
1549242253501,6,Task Get Request - HTTP Request,200,,ProjectManager - Rest Services - Load Testing 1-2,text,true,,2369,134,1,1,http://localhost:8080/task/getAllTasks,6,0,0
1549242253512,8,Task Get Request - HTTP Request,200,,ProjectManager - Rest Services - Load Testing 1-2,text,true,,2369,134,1,1,http://localhost:8080/task/getAllTasks,7,0,0
1549242253529,11,Task Get Request - HTTP Request,200,,ProjectManager - Rest Services - Load Testing 1-2,text,true,,2369,134,1,1,http://localhost:8080/task/getAllTasks,11,0,0
1549242253558,17,Task Get Request - HTTP Request,200,,ProjectManager - Rest Services - Load Testing 1-2,text,true,,2369,134,1,1,http://localhost:8080/task/getAllTasks,16,0,0
1549242253584,7,Task Get Request - HTTP Request,200,,ProjectManager - Rest Services - Load Testing 1-2,text,true,,2369,134,1,1,http://localhost:8080/task/getAllTasks,7,0,0
1549242253598,7,Task Get Request - HTTP Request,200,,ProjectManager - Rest Services - Load Testing 1-2,text,true,,2369,134,1,1,http://localhost:8080/task/getAllTasks,7,0,0
1549242253613,8,Task Get Request - HTTP Request,200,,ProjectManager - Rest Services - Load Testing 1-2,text,true,,2369,134,1,1,http://localhost:8080/task/getAllTasks,8,0,0
1549242253637,8,Task Get Request - HTTP Request,200,,ProjectManager - Rest Services - Load Testing 1-2,text,true,,2369,134,1,1,http://localhost:8080/task/getAllTasks,8,0,0
1549242253656,13,Task Get Request - HTTP Request,200,,ProjectManager - Rest Services - Load Testing 1-2,text,true,,2369,134,1,1,http://localhost:8080/task/getAllTasks,12,0,0
1549242253682,9,Task Get Request - HTTP Request,200,,ProjectManager - Rest Services - Load Testing 1-2,text,true,,2369,134,1,1,http://localhost:8080/task/getAllTasks,8,0,0
1549242253701,13,Task Get Request - HTTP Request,200,,ProjectManager - Rest Services - Load Testing 1-2,text,true,,2369,134,1,1,http://localhost:8080/task/getAllTasks,12,0,0
1549242253725,14,Task Get Request - HTTP Request,200,,ProjectManager - Rest Services - Load Testing 1-2,text,true,,2369,134,1,1,http://localhost:8080/task/getAllTasks,14,0,0
1549242253755,20,Task Get Request - HTTP Request,200,,ProjectManager - Rest Services - Load Testing 1-2,text,true,,2369,134,1,1,http://localhost:8080/task/getAllTasks,19,0,0
1549242253790,18,Task Get Request - HTTP Request,200,,ProjectManager - Rest Services - Load Testing 1-2,text,true,,2369,134,1,1,http://localhost:8080/task/getAllTasks,18,0,0
1549242253819,9,Task Get Request - HTTP Request,200,,ProjectManager - Rest Services - Load Testing 1-2,text,true,,2369,134,1,1,http://localhost:8080/task/getAllTasks,9,0,0
1549242253882,14,Task Get Request - HTTP Request,200,,ProjectManager - Rest Services - Load Testing 1-3,text,true,,2369,134,1,1,http://localhost:8080/task/getAllTasks,14,0,0
1549242253905,11,Task Get Request - HTTP Request,200,,ProjectManager - Rest Services - Load Testing 1-3,text,true,,2369,134,1,1,http://localhost:8080/task/getAllTasks,11,0,0
1549242253925,8,Task Get Request - HTTP Request,200,,ProjectManager - Rest Services - Load Testing 1-3,text,true,,2369,134,1,1,http://localhost:8080/task/getAllTasks,8,0,0
1549242253940,8,Task Get Request - HTTP Request,200,,ProjectManager - Rest Services - Load Testing 1-3,text,true,,2369,134,1,1,http://localhost:8080/task/getAllTasks,8,0,0
1549242253956,13,Task Get Request - HTTP Request,200,,ProjectManager - Rest Services - Load Testing 1-3,text,true,,2369,134,1,1,http://localhost:8080/task/getAllTasks,12,0,0
1549242253980,13,Task Get Request - HTTP Request,200,,ProjectManager - Rest Services - Load Testing 1-3,text,true,,2369,134,1,1,http://localhost:8080/task/getAllTasks,12,0,0
1549242254001,12,Task Get Request - HTTP Request,200,,ProjectManager - Rest Services - Load Testing 1-3,text,true,,2369,134,1,1,http://localhost:8080/task/getAllTasks,12,0,0
1549242254023,11,Task Get Request - HTTP Request,200,,ProjectManager - Rest Services - Load Testing 1-3,text,true,,2369,134,1,1,http://localhost:8080/task/getAllTasks,11,0,0
1549242254043,9,Task Get Request - HTTP Request,200,,ProjectManager - Rest Services - Load Testing 1-3,text,true,,2369,134,1,1,http://localhost:8080/task/getAllTasks,9,0,0
1549242254059,8,Task Get Request - HTTP Request,200,,ProjectManager - Rest Services - Load Testing 1-3,text,true,,2369,134,1,1,http://localhost:8080/task/getAllTasks,8,0,0
1549242254075,10,Task Get Request - HTTP Request,200,,ProjectManager - Rest Services - Load Testing 1-3,text,true,,2369,134,1,1,http://localhost:8080/task/getAllTasks,9,0,0
1549242254092,9,Task Get Request - HTTP Request,200,,ProjectManager - Rest Services - Load Testing 1-3,text,true,,2369,134,1,1,http://localhost:8080/task/getAllTasks,9,0,0
1549242254109,10,Task Get Request - HTTP Request,200,,ProjectManager - Rest Services - Load Testing 1-3,text,true,,2369,134,1,1,http://localhost:8080/task/getAllTasks,10,0,0
1549242254129,25,Task Get Request - HTTP Request,200,,ProjectManager - Rest Services - Load Testing 1-3,text,true,,2369,134,1,1,http://localhost:8080/task/getAllTasks,25,0,0
1549242254168,12,Task Get Request - HTTP Request,200,,ProjectManager - Rest Services - Load Testing 1-3,text,true,,2369,134,1,1,http://localhost:8080/task/getAllTasks,12,0,0
1549242254192,17,Task Get Request - HTTP Request,200,,ProjectManager - Rest Services - Load Testing 1-3,text,true,,2369,134,1,1,http://localhost:8080/task/getAllTasks,17,0,0
1549242254221,13,Task Get Request - HTTP Request,200,,ProjectManager - Rest Services - Load Testing 1-3,text,true,,2369,134,1,1,http://localhost:8080/task/getAllTasks,13,0,0
1549242254247,25,Task Get Request - HTTP Request,200,,ProjectManager - Rest Services - Load Testing 1-3,text,true,,2369,134,1,1,http://localhost:8080/task/getAllTasks,24,0,0
1549242254283,9,Task Get Request - HTTP Request,200,,ProjectManager - Rest Services - Load Testing 1-3,text,true,,2369,134,1,1,http://localhost:8080/task/getAllTasks,9,0,0
1549242254301,10,Task Get Request - HTTP Request,200,,ProjectManager - Rest Services - Load Testing 1-3,text,true,,2369,134,1,1,http://localhost:8080/task/getAllTasks,10,0,0
1549242254383,34,Task Get Request - HTTP Request,200,,ProjectManager - Rest Services - Load Testing 1-4,text,true,,2369,134,1,1,http://localhost:8080/task/getAllTasks,33,0,0
1549242254427,11,Task Get Request - HTTP Request,200,,ProjectManager - Rest Services - Load Testing 1-4,text,true,,2369,134,1,1,http://localhost:8080/task/getAllTasks,11,0,0
1549242254447,10,Task Get Request - HTTP Request,200,,ProjectManager - Rest Services - Load Testing 1-4,text,true,,2369,134,1,1,http://localhost:8080/task/getAllTasks,10,0,0
1549242254465,10,Task Get Request - HTTP Request,200,,ProjectManager - Rest Services - Load Testing 1-4,text,true,,2369,134,1,1,http://localhost:8080/task/getAllTasks,10,0,0
1549242254483,11,Task Get Request - HTTP Request,200,,ProjectManager - Rest Services - Load Testing 1-4,text,true,,2369,134,1,1,http://localhost:8080/task/getAllTasks,10,0,0
1549242254502,11,Task Get Request - HTTP Request,200,,ProjectManager - Rest Services - Load Testing 1-4,text,true,,2369,134,1,1,http://localhost:8080/task/getAllTasks,10,0,0
1549242254520,7,Task Get Request - HTTP Request,200,,ProjectManager - Rest Services - Load Testing 1-4,text,true,,2369,134,1,1,http://localhost:8080/task/getAllTasks,7,0,0
1549242254534,7,Task Get Request - HTTP Request,200,,ProjectManager - Rest Services - Load Testing 1-4,text,true,,2369,134,1,1,http://localhost:8080/task/getAllTasks,7,0,0
1549242254548,8,Task Get Request - HTTP Request,200,,ProjectManager - Rest Services - Load Testing 1-4,text,true,,2369,134,1,1,http://localhost:8080/task/getAllTasks,8,0,0
1549242254565,37,Task Get Request - HTTP Request,200,,ProjectManager - Rest Services - Load Testing 1-4,text,true,,2369,134,1,1,http://localhost:8080/task/getAllTasks,37,0,0
1549242254651,17,Task Get Request - HTTP Request,200,,ProjectManager - Rest Services - Load Testing 1-4,text,true,,2369,134,1,1,http://localhost:8080/task/getAllTasks,17,0,0
1549242254678,9,Task Get Request - HTTP Request,200,,ProjectManager - Rest Services - Load Testing 1-4,text,true,,2369,134,1,1,http://localhost:8080/task/getAllTasks,9,0,0
1549242254694,8,Task Get Request - HTTP Request,200,,ProjectManager - Rest Services - Load Testing 1-4,text,true,,2369,134,1,1,http://localhost:8080/task/getAllTasks,7,0,0
1549242254708,6,Task Get Request - HTTP Request,200,,ProjectManager - Rest Services - Load Testing 1-4,text,true,,2369,134,1,1,http://localhost:8080/task/getAllTasks,6,0,0
1549242254720,6,Task Get Request - HTTP Request,200,,ProjectManager - Rest Services - Load Testing 1-4,text,true,,2369,134,1,1,http://localhost:8080/task/getAllTasks,6,0,0
1549242254732,6,Task Get Request - HTTP Request,200,,ProjectManager - Rest Services - Load Testing 1-4,text,true,,2369,134,1,1,http://localhost:8080/task/getAllTasks,6,0,0
1549242254745,6,Task Get Request - HTTP Request,200,,ProjectManager - Rest Services - Load Testing 1-4,text,true,,2369,134,1,1,http://localhost:8080/task/getAllTasks,6,0,0
1549242254757,7,Task Get Request - HTTP Request,200,,ProjectManager - Rest Services - Load Testing 1-4,text,true,,2369,134,1,1,http://localhost:8080/task/getAllTasks,7,0,0
1549242254771,11,Task Get Request - HTTP Request,200,,ProjectManager - Rest Services - Load Testing 1-4,text,true,,2369,134,1,1,http://localhost:8080/task/getAllTasks,10,0,0
1549242254789,8,Task Get Request - HTTP Request,200,,ProjectManager - Rest Services - Load Testing 1-4,text,true,,2369,134,1,1,http://localhost:8080/task/getAllTasks,8,0,0
1549242438969,10,Task Get Request - HTTP Request,200,,ProjectManager - Rest Services - Load Testing 1-1,text,true,,2369,134,1,1,http://localhost:8080/task/getAllTasks,10,0,0
1549242439151,21,Task Get Request - HTTP Request,200,,ProjectManager - Rest Services - Load Testing 1-1,text,true,,2369,134,1,1,http://localhost:8080/task/getAllTasks,21,0,0
1549242439193,13,Task Get Request - HTTP Request,200,,ProjectManager - Rest Services - Load Testing 1-1,text,true,,2369,134,1,1,http://localhost:8080/task/getAllTasks,13,0,0
1549242439224,11,Task Get Request - HTTP Request,200,,ProjectManager - Rest Services - Load Testing 1-1,text,true,,2369,134,1,1,http://localhost:8080/task/getAllTasks,10,0,0
1549242439255,9,Task Get Request - HTTP Request,200,,ProjectManager - Rest Services - Load Testing 1-1,text,true,,2369,134,1,1,http://localhost:8080/task/getAllTasks,9,0,0
1549242439280,11,Task Get Request - HTTP Request,200,,ProjectManager - Rest Services - Load Testing 1-1,text,true,,2369,134,1,1,http://localhost:8080/task/getAllTasks,11,0,0
1549242439316,12,Task Get Request - HTTP Request,200,,ProjectManager - Rest Services - Load Testing 1-1,text,true,,2369,134,1,1,http://localhost:8080/task/getAllTasks,12,0,0
1549242439348,15,Task Get Request - HTTP Request,200,,ProjectManager - Rest Services - Load Testing 1-1,text,true,,2369,134,1,1,http://localhost:8080/task/getAllTasks,14,0,0
1549242439383,10,Task Get Request - HTTP Request,200,,ProjectManager - Rest Services - Load Testing 1-1,text,true,,2369,134,1,1,http://localhost:8080/task/getAllTasks,10,0,0
1549242439409,11,Task Get Request - HTTP Request,200,,ProjectManager - Rest Services - Load Testing 1-1,text,true,,2369,134,1,1,http://localhost:8080/task/getAllTasks,10,0,0
1549242439436,12,Task Get Request - HTTP Request,200,,ProjectManager - Rest Services - Load Testing 1-1,text,true,,2369,134,1,1,http://localhost:8080/task/getAllTasks,12,0,0
1549242439463,9,Task Get Request - HTTP Request,200,,ProjectManager - Rest Services - Load Testing 1-1,text,true,,2369,134,2,2,http://localhost:8080/task/getAllTasks,9,0,0
1549242439468,8,Task Get Request - HTTP Request,200,,ProjectManager - Rest Services - Load Testing 1-2,text,true,,2369,134,2,2,http://localhost:8080/task/getAllTasks,8,0,0
1549242439488,13,Task Get Request - HTTP Request,200,,ProjectManager - Rest Services - Load Testing 1-1,text,true,,2369,134,2,2,http://localhost:8080/task/getAllTasks,12,0,0
1549242439495,11,Task Get Request - HTTP Request,200,,ProjectManager - Rest Services - Load Testing 1-2,text,true,,2369,134,2,2,http://localhost:8080/task/getAllTasks,10,0,0
1549242439518,7,Task Get Request - HTTP Request,200,,ProjectManager - Rest Services - Load Testing 1-1,text,true,,2369,134,2,2,http://localhost:8080/task/getAllTasks,7,0,0
1549242439521,8,Task Get Request - HTTP Request,200,,ProjectManager - Rest Services - Load Testing 1-2,text,true,,2369,134,2,2,http://localhost:8080/task/getAllTasks,7,0,0
1549242439540,11,Task Get Request - HTTP Request,200,,ProjectManager - Rest Services - Load Testing 1-1,text,true,,2369,134,2,2,http://localhost:8080/task/getAllTasks,10,0,0
1549242439545,11,Task Get Request - HTTP Request,200,,ProjectManager - Rest Services - Load Testing 1-2,text,true,,2369,134,2,2,http://localhost:8080/task/getAllTasks,10,0,0
1549242439571,13,Task Get Request - HTTP Request,200,,ProjectManager - Rest Services - Load Testing 1-1,text,true,,2369,134,2,2,http://localhost:8080/task/getAllTasks,13,0,0
1549242439576,12,Task Get Request - HTTP Request,200,,ProjectManager - Rest Services - Load Testing 1-2,text,true,,2369,134,2,2,http://localhost:8080/task/getAllTasks,12,0,0
1549242439633,20,Task Get Request - HTTP Request,200,,ProjectManager - Rest Services - Load Testing 1-1,text,true,,2369,134,2,2,http://localhost:8080/task/getAllTasks,19,0,0
1549242439639,21,Task Get Request - HTTP Request,200,,ProjectManager - Rest Services - Load Testing 1-2,text,true,,2369,134,2,2,http://localhost:8080/task/getAllTasks,21,0,0
1549242439677,15,Task Get Request - HTTP Request,200,,ProjectManager - Rest Services - Load Testing 1-1,text,true,,2369,134,2,2,http://localhost:8080/task/getAllTasks,14,0,0
1549242439682,18,Task Get Request - HTTP Request,200,,ProjectManager - Rest Services - Load Testing 1-2,text,true,,2369,134,2,2,http://localhost:8080/task/getAllTasks,17,0,0
1549242439751,12,Task Get Request - HTTP Request,200,,ProjectManager - Rest Services - Load Testing 1-2,text,true,,2369,134,2,2,http://localhost:8080/task/getAllTasks,12,0,0
1549242439752,13,Task Get Request - HTTP Request,200,,ProjectManager - Rest Services - Load Testing 1-1,text,true,,2369,134,2,2,http://localhost:8080/task/getAllTasks,12,0,0
1549242439785,13,Task Get Request - HTTP Request,200,,ProjectManager - Rest Services - Load Testing 1-2,text,true,,2369,134,2,2,http://localhost:8080/task/getAllTasks,13,0,0
1549242439790,12,Task Get Request - HTTP Request,200,,ProjectManager - Rest Services - Load Testing 1-1,text,true,,2369,134,2,2,http://localhost:8080/task/getAllTasks,11,0,0
1549242439818,13,Task Get Request - HTTP Request,200,,ProjectManager - Rest Services - Load Testing 1-2,text,true,,2369,134,1,1,http://localhost:8080/task/getAllTasks,13,0,0
1549242439868,12,Task Get Request - HTTP Request,200,,ProjectManager - Rest Services - Load Testing 1-2,text,true,,2369,134,1,1,http://localhost:8080/task/getAllTasks,12,0,0
1549242439901,12,Task Get Request - HTTP Request,200,,ProjectManager - Rest Services - Load Testing 1-2,text,true,,2369,134,1,1,http://localhost:8080/task/getAllTasks,11,0,0
1549242439932,12,Task Get Request - HTTP Request,200,,ProjectManager - Rest Services - Load Testing 1-2,text,true,,2369,134,1,1,http://localhost:8080/task/getAllTasks,11,0,0
1549242439972,13,Task Get Request - HTTP Request,200,,ProjectManager - Rest Services - Load Testing 1-3,text,true,,2369,134,2,2,http://localhost:8080/task/getAllTasks,13,0,0
1549242439976,13,Task Get Request - HTTP Request,200,,ProjectManager - Rest Services - Load Testing 1-2,text,true,,2369,134,2,2,http://localhost:8080/task/getAllTasks,13,0,0
1549242440009,14,Task Get Request - HTTP Request,200,,ProjectManager - Rest Services - Load Testing 1-3,text,true,,2369,134,2,2,http://localhost:8080/task/getAllTasks,14,0,0
1549242440011,12,Task Get Request - HTTP Request,200,,ProjectManager - Rest Services - Load Testing 1-2,text,true,,2369,134,2,2,http://localhost:8080/task/getAllTasks,12,0,0
1549242440043,14,Task Get Request - HTTP Request,200,,ProjectManager - Rest Services - Load Testing 1-3,text,true,,2369,134,2,2,http://localhost:8080/task/getAllTasks,13,0,0
1549242440046,13,Task Get Request - HTTP Request,200,,ProjectManager - Rest Services - Load Testing 1-2,text,true,,2369,134,2,2,http://localhost:8080/task/getAllTasks,13,0,0
1549242440080,12,Task Get Request - HTTP Request,200,,ProjectManager - Rest Services - Load Testing 1-2,text,true,,2369,134,2,2,http://localhost:8080/task/getAllTasks,12,0,0
1549242440078,14,Task Get Request - HTTP Request,200,,ProjectManager - Rest Services - Load Testing 1-3,text,true,,2369,134,2,2,http://localhost:8080/task/getAllTasks,14,0,0
1549242440112,15,Task Get Request - HTTP Request,200,,ProjectManager - Rest Services - Load Testing 1-3,text,true,,2369,134,2,2,http://localhost:8080/task/getAllTasks,14,0,0
1549242440118,14,Task Get Request - HTTP Request,200,,ProjectManager - Rest Services - Load Testing 1-2,text,true,,2369,134,2,2,http://localhost:8080/task/getAllTasks,14,0,0
1549242440154,12,Task Get Request - HTTP Request,200,,ProjectManager - Rest Services - Load Testing 1-3,text,true,,2369,134,2,2,http://localhost:8080/task/getAllTasks,12,0,0
1549242440159,12,Task Get Request - HTTP Request,200,,ProjectManager - Rest Services - Load Testing 1-2,text,true,,2369,134,2,2,http://localhost:8080/task/getAllTasks,11,0,0
1549242440185,12,Task Get Request - HTTP Request,200,,ProjectManager - Rest Services - Load Testing 1-3,text,true,,2369,134,2,2,http://localhost:8080/task/getAllTasks,12,0,0
1549242440190,16,Task Get Request - HTTP Request,200,,ProjectManager - Rest Services - Load Testing 1-2,text,true,,2369,134,2,2,http://localhost:8080/task/getAllTasks,15,0,0
1549242440227,15,Task Get Request - HTTP Request,200,,ProjectManager - Rest Services - Load Testing 1-3,text,true,,2369,134,1,1,http://localhost:8080/task/getAllTasks,15,0,0
1549242440275,14,Task Get Request - HTTP Request,200,,ProjectManager - Rest Services - Load Testing 1-3,text,true,,2369,134,1,1,http://localhost:8080/task/getAllTasks,13,0,0
1549242440310,12,Task Get Request - HTTP Request,200,,ProjectManager - Rest Services - Load Testing 1-3,text,true,,2369,134,1,1,http://localhost:8080/task/getAllTasks,12,0,0
1549242440343,15,Task Get Request - HTTP Request,200,,ProjectManager - Rest Services - Load Testing 1-3,text,true,,2369,134,1,1,http://localhost:8080/task/getAllTasks,15,0,0
1549242440380,41,Task Get Request - HTTP Request,200,,ProjectManager - Rest Services - Load Testing 1-3,text,true,,2369,134,1,1,http://localhost:8080/task/getAllTasks,41,0,0
1549242440533,15,Task Get Request - HTTP Request,200,,ProjectManager - Rest Services - Load Testing 1-3,text,true,,2369,134,2,2,http://localhost:8080/task/getAllTasks,15,0,0
1549242440558,15,Task Get Request - HTTP Request,200,,ProjectManager - Rest Services - Load Testing 1-4,text,true,,2369,134,2,2,http://localhost:8080/task/getAllTasks,15,0,0
1549242440571,12,Task Get Request - HTTP Request,200,,ProjectManager - Rest Services - Load Testing 1-3,text,true,,2369,134,2,2,http://localhost:8080/task/getAllTasks,12,0,0
1549242440592,13,Task Get Request - HTTP Request,200,,ProjectManager - Rest Services - Load Testing 1-4,text,true,,2369,134,2,2,http://localhost:8080/task/getAllTasks,13,0,0
1549242440603,13,Task Get Request - HTTP Request,200,,ProjectManager - Rest Services - Load Testing 1-3,text,true,,2369,134,2,2,http://localhost:8080/task/getAllTasks,12,0,0
1549242440628,20,Task Get Request - HTTP Request,200,,ProjectManager - Rest Services - Load Testing 1-4,text,true,,2369,134,2,2,http://localhost:8080/task/getAllTasks,20,0,0
1549242440648,14,Task Get Request - HTTP Request,200,,ProjectManager - Rest Services - Load Testing 1-3,text,true,,2369,134,2,2,http://localhost:8080/task/getAllTasks,14,0,0
1549242440669,12,Task Get Request - HTTP Request,200,,ProjectManager - Rest Services - Load Testing 1-4,text,true,,2369,134,2,2,http://localhost:8080/task/getAllTasks,12,0,0
1549242440682,17,Task Get Request - HTTP Request,200,,ProjectManager - Rest Services - Load Testing 1-3,text,true,,2369,134,2,2,http://localhost:8080/task/getAllTasks,16,0,0
1549242440716,12,Task Get Request - HTTP Request,200,,ProjectManager - Rest Services - Load Testing 1-4,text,true,,2369,134,2,2,http://localhost:8080/task/getAllTasks,12,0,0
1549242440732,14,Task Get Request - HTTP Request,200,,ProjectManager - Rest Services - Load Testing 1-3,text,true,,2369,134,2,2,http://localhost:8080/task/getAllTasks,13,0,0
1549242440748,11,Task Get Request - HTTP Request,200,,ProjectManager - Rest Services - Load Testing 1-4,text,true,,2369,134,2,2,http://localhost:8080/task/getAllTasks,11,0,0
1549242440766,17,Task Get Request - HTTP Request,200,,ProjectManager - Rest Services - Load Testing 1-3,text,true,,2369,134,2,2,http://localhost:8080/task/getAllTasks,16,0,0
1549242440781,14,Task Get Request - HTTP Request,200,,ProjectManager - Rest Services - Load Testing 1-4,text,true,,2369,134,2,2,http://localhost:8080/task/getAllTasks,14,0,0
1549242440809,21,Task Get Request - HTTP Request,200,,ProjectManager - Rest Services - Load Testing 1-3,text,true,,2369,134,2,2,http://localhost:8080/task/getAllTasks,21,0,0
1549242440840,20,Task Get Request - HTTP Request,200,,ProjectManager - Rest Services - Load Testing 1-4,text,true,,2369,134,1,1,http://localhost:8080/task/getAllTasks,19,0,0
1549242440883,19,Task Get Request - HTTP Request,200,,ProjectManager - Rest Services - Load Testing 1-4,text,true,,2369,134,1,1,http://localhost:8080/task/getAllTasks,18,0,0
1549242440921,14,Task Get Request - HTTP Request,200,,ProjectManager - Rest Services - Load Testing 1-4,text,true,,2369,134,1,1,http://localhost:8080/task/getAllTasks,14,0,0
1549242440957,12,Task Get Request - HTTP Request,200,,ProjectManager - Rest Services - Load Testing 1-4,text,true,,2369,134,1,1,http://localhost:8080/task/getAllTasks,12,0,0
1549242440987,13,Task Get Request - HTTP Request,200,,ProjectManager - Rest Services - Load Testing 1-4,text,true,,2369,134,1,1,http://localhost:8080/task/getAllTasks,13,0,0
1549242441019,13,Task Get Request - HTTP Request,200,,ProjectManager - Rest Services - Load Testing 1-4,text,true,,2369,134,1,1,http://localhost:8080/task/getAllTasks,12,0,0
1549242441065,17,Task Get Request - HTTP Request,200,,ProjectManager - Rest Services - Load Testing 1-4,text,true,,2369,134,1,1,http://localhost:8080/task/getAllTasks,16,0,0
1549242441109,16,Task Get Request - HTTP Request,200,,ProjectManager - Rest Services - Load Testing 1-4,text,true,,2369,134,1,1,http://localhost:8080/task/getAllTasks,15,0,0
1549242441149,33,Task Get Request - HTTP Request,200,,ProjectManager - Rest Services - Load Testing 1-4,text,true,,2369,134,1,1,http://localhost:8080/task/getAllTasks,33,0,0
1549242441201,48,Task Get Request - HTTP Request,200,,ProjectManager - Rest Services - Load Testing 1-4,text,true,,2369,134,1,1,http://localhost:8080/task/getAllTasks,47,0,0
1549242441280,29,Task Get Request - HTTP Request,200,,ProjectManager - Rest Services - Load Testing 1-4,text,true,,2369,134,1,1,http://localhost:8080/task/getAllTasks,28,0,0
1549242441330,52,Task Get Request - HTTP Request,200,,ProjectManager - Rest Services - Load Testing 1-4,text,true,,2369,134,1,1,http://localhost:8080/task/getAllTasks,52,0,0
1549242441413,19,Task Get Request - HTTP Request,200,,ProjectManager - Rest Services - Load Testing 1-4,text,true,,2369,134,1,1,http://localhost:8080/task/getAllTasks,19,0,0
